实体编号,URL
1001,https://baike.baidu.com/item/%E6%9D%8E%E4%BA%91%E5%B3%B0/22102428#viewPageContent
1003,https://baike.baidu.com/item/%E4%BE%AF%E6%AF%85/12795458#viewPageContent
1005,https://baike.baidu.com/item/%E5%BC%A0%E5%BE%B7%E5%8D%8E/7002732#viewPageContent
1007,https://baike.baidu.com/item/%E8%82%96%E6%96%87%E9%9D%A9/22791038#viewPageContent
1009,https://baike.baidu.com/item/%E7%86%8A%E6%B5%B7%E6%B6%9B/20479589#viewPageContent
1011,https://baike.baidu.com/item/%E5%AE%8B%E7%90%B3/16173836#viewPageContent
1014,https://baike.baidu.com/item/王友林
1016,https://baike.baidu.com/item/彭聪
1017,https://baike.baidu.com/item/%E6%9B%B9%E9%A3%9E/16542190#viewPageContent
1019,https://baike.baidu.com/item/%E9%A2%9C%E5%86%9B/20469600#viewPageContent
1021,https://baike.baidu.com/item/宋睿
1023,N/A
1025,https://baike.baidu.com/item/邓冠华
1028,https://baike.baidu.com/item/孙锋峰
1001,https://baike.baidu.com/item/%E6%9D%8E%E4%BA%91%E5%B3%B0/22102428#viewPageContent
1017,https://baike.baidu.com/item/%E6%9B%B9%E9%A3%9E/16542190#viewPageContent
1029,https://baike.baidu.com/item/林奇
1031,https://baike.baidu.com/item/%E6%B1%9F%E6%96%8C/22653694#viewPageContent
1014,https://baike.baidu.com/item/王友林
1033,https://baike.baidu.com/item/%E6%9E%97%E6%B5%B7%E5%B3%B0/10781910#viewPageContent
1036,https://baike.baidu.com/item/郭为
1038,https://baike.baidu.com/item/%E5%90%B4%E5%AE%8F%E4%BA%AE/18593265#viewPageContent
1041,https://baike.baidu.com/item/王利平
1043,https://baike.baidu.com/item/周旭辉
1049,https://baike.baidu.com/item/%E5%90%B4%E8%89%B3/20303517#viewPageContent
